Name,Quadrant,Description,Current Market Size,CAGR,2030+ Projection,Key Implementations,Key Institutional Players,Regulatory Context,Required Primitives,Transformation Timeline
Biodefense & Health Systems,Physical Defense,"Technologies protecting human health through decentralized pathogen surveillance, open-source medical devices, and resilient healthcare infrastructure.",$2.5B,18%,$8B+,"Varro Inc., Pathoplexus, OSLUV, Openwater, MediLedger","Balvi, Gates Foundation, BARDA, DARPA","FDA medical device pathways, CDC surveillance, WHO pandemic preparedness","Secure data sharing, privacy-preserving computation, decentralized storage",5-10 years
Open Source Hardware & Silicon,Physical Defense,"Open-source hardware, silicon, and mobile operating systems reducing dependence on centralized manufacturers.",$800M,25%,$5B+,"GrapheneOS, Freedom Factory (ethOS), Nanographs, RISC-V","RISC-V Foundation, Linux Foundation, Mozilla, Open Compute","Export controls on semiconductors, open source licensing","Formal verification, secure boot, hardware attestation",5-10 years
Resilient Manufacturing,Physical Defense,"Decentralized, open-source manufacturing including robotics, 3D printing, and assistive technology.",$1.2B,22%,$6B+,"k-scale, SalvageGarden, Simula, FarmHack, Open Source Ecology","Fab Foundation, Maker Movement, RepRap Project","Product safety standards, manufacturing compliance","CAD/CAM sharing protocols, supply coordination",7-15 years
Decentralized Energy,Physical Coordination,"Peer-to-peer energy trading, decentralized grid management, and renewable energy coordination.",$3.5B,28%,$25B+,"Power Ledger, Energy Web Foundation, LO3 Energy","Energy Web Foundation, Rocky Mountain Institute, IEA","Utility regulations, net metering, grid interconnection","Oracles for energy data, smart contracts, IoT",5-10 years
Property Rights & Registries,Physical Coordination,"Blockchain-based land registries, property tokenization, and decentralized title systems.",$1.8B,32%,$15B+,"Georgia Land Registry, Dubai Property Platform, Rwanda Cadastre, RealT","World Bank, UN-Habitat, national land agencies","Government partnerships required, property law varies","Identity verification, secure storage, government APIs",3-7 years
Carbon & Environmental Markets,Physical Coordination,"On-chain carbon credits, environmental tokenization, and decentralized climate markets.",$2B,35%,$50B+,"Toucan Protocol, KlimaDAO, Verra","Gold Standard, Verra, Climate Action Reserve","Voluntary carbon standards, Paris Agreement Article 6","Oracles, tokenization standards, MRV systems",3-5 years
Civic Tech,Physical Coordination,"Community-driven technology for civic engagement, urban farming, maker spaces, and local coordination.",$500M,15%,$2B+,"Better.SG, Edible Garden City, Soil Social, Chiang Mai Maker Club","Code for America, mySociety, Civic Tech communities","Generally light-touch regulation","Local coordination tools, community governance",Ongoing
Zero-Knowledge Systems,Digital Defense,"Zero-knowledge proof infrastructure enabling verification without revealing underlying data. Core d/acc primitive.",$4B,45%,$50B+,"Aztec Network, zkSync, StarkNet, Polygon, Scroll, Taceo","Ethereum Foundation, a16z, Paradigm, Protocol Labs","Privacy regulations (GDPR) may favor ZK, sanctions discussions","Cryptographic primitives, proving systems, verifiers",2-5 years
Privacy-Preserving Computation,Digital Defense,"FHE, MPC, and secure enclaves enabling computation on encrypted data without decryption.",$1.5B,40%,$20B+,"Zama (FHE), ZenGo (MPC), Fireblocks, Inco Network","DARPA, Microsoft Research, Intel SGX, a16z","GDPR compliance, healthcare privacy, financial confidentiality","FHE libraries, MPC protocols, TEEs",3-7 years
Decentralized Identity & Attestation,Digital Defense,"Self-sovereign identity, verifiable credentials, and attestation systems without centralized authorities.",$3B,35%,$30B+,"ENS, Worldcoin, Polygon ID, EAS, Gitcoin Passport, QuarkID","W3C, DIF, Ethereum Foundation, governments","eIDAS 2.0 in EU, digital ID frameworks emerging","DID standards, verifiable credentials, ZK attestations",2-5 years
Communication & Messaging,Digital Defense,"End-to-end encrypted, decentralized messaging and communication protocols.",$800M,25%,$5B+,"XMTP Labs, HOPR, Waku, Status, Session","Signal Foundation, Protocol Labs, Status Network","Encryption debates, backdoor mandates in some jurisdictions","E2E encryption, metadata protection, decentralized routing",2-4 years
Secrets-as-a-Service,Digital Defense,"Programmable access control and secrets management. Determines WHO can access WHAT data WHEN.",$500M,30%,$3B+,"Mysten Labs (Sui), Lit Protocol, Privy","a16z, Paradigm, HashiCorp","Key management compliance, enterprise security standards","Threshold cryptography, access control, key derivation",2-4 years
Formal Verification & Security,Digital Defense,"Smart contract auditing, formal verification, bug bounties, and security tooling.",$2B,35%,$15B+,"Trail of Bits, OpenZeppelin, Spearbit, Immunefi, Code4rena","Ethereum Foundation, major protocols, security researchers","Emerging audit standards, liability frameworks developing","Formal verification tools, static analysis, runtime monitoring",Ongoing
Democratic Funding Mechanisms,Digital Coordination,"Quadratic funding, retroactive public goods funding, and novel resource allocation mechanisms.",$500M,50%,$10B+,"Gitcoin, Optimism RetroPGF, Octant, Hypercerts","Ethereum Foundation, Optimism Collective, Protocol Labs","Grant-making frameworks, charitable giving regulations","Sybil resistance, quadratic voting, impact measurement",2-5 years
Epistemic Infrastructure,Digital Coordination,"Prediction markets, fact-checking systems, and tools for improving collective epistemics.",$1B,40%,$15B+,"Metaculus, Polymarket, CheckMateSG, Deepsafe","Good Judgment Project, forecasting community","Gambling regulations apply to prediction markets","Outcome oracles, reputation systems, information aggregation",3-7 years
Governance Tooling,Digital Coordination,"DAO governance frameworks, voting systems, and collective decision-making tools.",$5B,45%,$50B+,"Safe, Argent, Aragon, Compound Governor, Tally, Snapshot","Major DAOs, Ethereum Foundation, a16z","DAO legal frameworks emerging, securities considerations","Multisig, voting mechanisms, delegation, timelock",2-5 years
Decentralized Monetary Infrastructure,Digital Coordination,"Decentralized stablecoins, UBI protocols, and monetary systems without central bank control.",$150B,25%,$500B+,"DAI (MakerDAO), Circles/CirclesUBI, Ethena (USDe)","MakerDAO, Ethereum Foundation, central banks","Stablecoin regulations emerging, MiCA in EU","Collateral management, oracles, stability mechanisms",1-3 years
Oracle Networks,Digital Coordination,"Decentralized data feeds connecting blockchains to real-world information. Critical infrastructure.",$8B,30%,$40B+,"Pyth, Chronicle, RedStone, Chainlink","Major DeFi protocols, data providers","Data quality standards, liability frameworks developing","Data aggregation, stake-based security, latency optimization",2-4 years
Cross-Chain Infrastructure,Digital Coordination,"Cross-chain messaging and bridging enabling interoperability between blockchains.",$5B,35%,$30B+,"LayerZero, Axelar, Wormhole, CoW Protocol, UniswapX","Bridge protocols, DEXs, major chains","Bridge security standards emerging, exploit liability","Message passing, proof verification, liquidity management",2-4 years
Data Availability & Storage,Digital Coordination,"Modular data availability layers and decentralized storage for blockchain scalability.",$10B,40%,$60B+,"Celestia, EigenDA, Avail, Filecoin, Arweave, The Graph","Ethereum Foundation, Protocol Labs, modular chains","Data retention regulations, storage compliance","Data sampling, erasure coding, proof systems",1-3 years
Streaming & Treasury,Digital Coordination,"Token streaming protocols and programmable treasury management for continuous payments.",$500M,35%,$5B+,"Sablier, Superfluid, Llamapay","DeFi protocols, DAOs, payroll companies","Payroll regulations, tax implications for streaming","Payment channels, flow rates, composable streams",2-4 years
